{
  "analysis_date": "2026-01-21T00:13:59.897484",
  "framework_version": "4.5",
  "author": "Miguel Angel Percudani",
  "output_directory": "UAT_Analysis_Results",
  "constants": {
    "K_CRIT": 1.0713,
    "K_EARLY_14": 0.967,
    "K_EARLY_21": 0.939915,
    "F_REF_14": 1161800000.0,
    "F_RESONANCE": 325400.0,
    "H0_UAT": 73.0
  },
  "generated_files": {
    "datasets": [
      "datasets\\antifrequency_analysis.csv",
      "datasets\\bit0_friction.csv",
      "datasets\\causal_dark_matter.csv",
      "datasets\\causal_nodes.csv",
      "datasets\\interuniversal_bridge.csv",
      "datasets\\mass_evolution.csv",
      "datasets\\phase_pressure.csv"
    ],
    "plots": [
      "plots\\antifrequency_analysis.png",
      "plots\\causal_dark_matter.png",
      "plots\\causal_succession.png",
      "plots\\interuniversal_bridge.png",
      "plots\\uat_framework_summary.png"
    ],
    "reports": [
      "reports\\experimental_predictions.json",
      "reports\\experimental_summary.txt",
      "reports\\uat_executive_summary.txt",
      "reports\\uat_technical_report.txt"
    ]
  },
  "simulation_parameters": {
    "simulation_time": 1000000000000000.0,
    "mass_reference": 1000000000000.0,
    "frequency_min": 2000,
    "frequency_max": 500000
  }
}