{
  "gravitational_waves": {
    "current_frequency_Hz": 187.37,
    "drift_rate_Hz_per_year": 16.89,
    "drift_rate_Hz_per_day": 0.046,
    "search_window_Hz": [
      185,
      190
    ],
    "estimated_snr": 7200000.0,
    "observatory": "LVK O4b/O5",
    "recommended_integration": "2-hour segments with drift compensation"
  },
  "radio_frequencies": {
    "transition_region_kHz": [
      2.097,
      498.7
    ],
    "bandwidth_kHz": 496.6,
    "max_effect_region_kHz": [
      100,
      300
    ],
    "expected_enhancement": "70-100%",
    "recommended_instruments": [
      "SKA",
      "LOFAR",
      "Precision microwave cavities"
    ],
    "search_for": "Anomalous excess emission in 2-500 kHz range"
  },
  "nonlinear_optics": {
    "crystal": "BBO",
    "pump_frequencies_Hz": [
      84.44,
      168.88,
      253.32
    ],
    "expected_modification": "d_eff variation with Phi_UAT ≈ 1.2325",
    "measurement_technique": "Balanced homodyne detection (P-quadrature)",
    "phase_matching": "Delta_k = 0 at sub-angstrom scale"
  },
  "cosmological_tests": {
    "hubble_constant": 73.0,
    "sound_horizon_reduction": "~3.8% relative to ΛCDM",
    "sigma8_prediction": 0.794,
    "cmb_anomalies": "Specific modifications to power spectrum",
    "weak_lensing": "Consistent with KiDS/DES sigma_8 ≈ 0.76-0.79"
  }
}